meta_id,meta_desc
1,1
2,1st
3,3rd
4,5
5,55s
6,aacs
7,aat
8,aberchirder
9,aboot
10,aboyne
11,abusing
12,abusive
13,ac
14,academy
15,accesibility
16,accessiblility
17,accidental
18,achool
19,acid
20,acitivities
21,act
22,acting
23,action
24,active
25,acute
26,adaptions
27,addicts
28,adfm
29,adopt
30,ads
31,advertising
32,age
33,airman
34,alerts
35,allergic
36,allergies
37,allotments
38,alopecia
39,ambulances
40,amenity
41,amputate
42,amputation
43,amputations
44,amputee
45,amusement
46,an
47,anaesthetic
48,anaphylaxic
49,anaphylaxis
50,aneurism
51,anon
52,antigen
53,antisocial
54,anxieties
55,apnea
56,area
57,arena
58,argyle
59,arms
60,arrest
61,art
62,arterial
63,arteries
64,arthritic
65,as
66,asbestos
67,asian
68,assessment
69,assistants
70,assisted
71,associations
72,assualt
73,assurance
74,asthmatic
75,asylum
76,at
77,atheism
78,atheist
79,attack
80,aubin
81,austism
82,automobile
83,availability
84,avma
85,awards
86,b
87,bacteria
88,bacterial
89,balancing
90,ballindalloch
91,balls
92,balmedie
93,banding
94,bands
95,bank
96,baptists
97,bark
98,barrk
99,basi
100,basic
101,battered
102,bay
103,beaters
104,beating
105,bed
106,behavioral
107,beneficiaries
108,berghead
109,bifida
110,biker
111,bills
112,binging
113,biopsy
114,bird
115,births
116,bjhs
117,black
118,bleeding
119,blinded
120,blindness
121,blistering
122,blisters
123,blockages
124,boarding
125,boards
126,boat
127,boddam
128,boiler
129,borrowing
130,box
131,boyfriends
132,boys
133,bph
134,bracelet
135,braemar
136,braille
137,breakfast
138,breasts
139,breath
140,british
141,brothels
142,brownies
143,bs
144,bullies
145,burghead
146,burial
147,businesses
148,busses
149,byzantine
150,byzantium
151,cabs
152,calls
153,calsayseat
154,camp
155,campaigns
156,cancers
157,canine
158,cardiovascular
159,carehome
160,carr
161,carrgomm
162,carriage
163,catheter
164,catholics
165,cats
166,cbt
167,cccs
168,celebrations
169,celtic
170,cerebral
171,cerers
172,cessation
173,challenges
174,change
175,changing
176,charge
177,chemo
178,chemotherapy
179,chi
180,chidlren
181,chil
182,childhood
183,childre
184,childs
185,chlamydia
186,chores
187,chp
188,chromosomes
189,cinamon
190,circulation
191,citixens
192,citizensfinancial
193,claiming
194,claims
195,claw
196,climate
197,clot
198,clothes
199,coaches
200,codonas
201,cognitive
202,colleges
203,collision
204,colon
205,coloured
206,comlementary
207,commission
208,committees
209,communication
210,communications
211,companies
212,complimentary
213,composting
214,compulsions
215,compulsive
216,concentration
217,concessionary
218,condition
219,confidence
220,confused
221,congregations
222,connect
223,conservancy
224,continuing
225,continuous
226,cook
227,cooker
228,cooking
229,cool
230,coop
231,coordination
232,coordinators
233,coping
234,cord
235,corgaff
236,cosmetic
237,councelling
238,countries
239,cowheels
240,cpd
241,cpns
242,crack
243,cracking
244,creating
245,creative
246,creches
247,cries
248,crippled
249,critical
250,crohn
251,cruden
252,crutches
253,crying
254,crysis
255,csv
256,cullen
257,cultural
258,culture
259,customer
260,cycle
261,cycled
262,cystic
263,dads
264,danlos
265,data
266,dawgs
267,dead
268,deafened
269,decisions
270,deer
271,defects
272,degenerative
273,delinquent
274,delivery
275,democratic
276,dens
277,departments
278,dependancy
279,dependant
280,desktops
281,developing
282,dialabus
283,dieticians
284,difficult
285,difficuly
286,digestive
287,dilution
288,disabibilities
289,discharged
290,discomfort
291,discussion
292,discussions
293,diseased
294,dispute
295,disputes
296,district
297,dividends
298,divorces
299,docs
300,dodgy
301,domiciliary
302,donating
303,donor
304,down
305,dperessive
306,drawing
307,drive
308,driver
309,drug
310,duchenne
311,dunecht
312,dupuytren
313,dyslexic
314,dystrophic
315,e
316,easter
317,ecdl
318,echt
319,economic
320,ecstacy
321,ectopic
322,ecumenical
323,ecxema
324,educaion
325,efficiency
326,ehlers
327,electing
328,elective
329,electronic
330,emails
331,employers
332,employmentemployment
333,entitled
334,epidermis
335,eployment
336,equal
337,ethnicity
338,europe
339,evergreens
340,excise
341,exema
342,exercises
343,exma
344,expectant
345,expecting
346,experienced
347,extra
348,fab
349,fair
350,familities
351,fatal
352,faulty
353,fear
354,fees
355,ferryhill
356,fibrosis
357,fighters
358,findochty
359,finger
360,firefighters
361,fireman
362,firemen
363,fives
364,fixing
365,floods
366,folic
367,foodbank
368,foreigners
369,forgetfulness
370,forum
371,forums
372,fosterers
373,fractures
374,frail
375,fraud
376,fybromyalgic
377,fyvie
378,gallery
379,gam
380,gap
381,gas
382,gastric
383,gdens
384,gdocs
385,general
386,genes
387,genetics
388,genital
389,genitals
390,gentle
391,george
392,gestosis
393,get
394,getting
395,girdle
396,girl
397,girlfriends
398,glenlivet
399,gmed
400,gmeds
401,going
402,golf
403,gomm
404,gordon
405,grampina
406,grandparents
407,greco
408,greece
409,greek
410,grmapina
411,groceries
412,groupsklinefelters
413,growths
414,guard
415,guide
416,guides
417,gut
418,gyms
419,gynaecology
420,gynaecomastia
421,gynecology
422,habits
423,haemorrage
424,haemorrages
425,hall
426,handcrafts
427,handicapped
428,harbour
429,harming
430,headache
431,headaches
432,healthboards
433,healthyliving
434,heat
435,heavy
436,helpabuse
437,helpbusiness
438,helpers
439,hepatis
440,hepititis
441,hidden
442,higher
443,hill
444,hilton
445,hinet
446,hobby
447,holiday
448,homeopaths
449,homestart
450,hormone
451,horse
452,hospices
453,hospitalised
454,hostels
455,hotels
456,hotspot
457,hours
458,hrt
459,humanism
460,huntingtons
461,hurting
462,hydro
463,hygiene
464,hypermobility
465,hyperplasia
466,hysterectomygynecological
467,ibs
468,ifnormation
469,illeostomy
470,ilnesses
471,impairmentstudying
472,imperfecta
473,imprisoned
474,impulsiveness
475,inattention
476,inattentive
477,incapacity
478,incontinent
479,independance
480,independentage
481,industry
482,infant
483,infection
484,influenza
485,infohub
486,informal
487,ing
488,initiatives
489,inland
490,inpatients
491,insch
492,insulating
493,insulation
494,insurance
495,inter
496,interaction
497,interest
498,interventions
499,into
500,inverbervie
501,investment
502,involvement
503,ipf
504,irritable
505,isolated
506,it
507,james
508,jew
509,jewish
510,jews
511,jobseeker
512,joint
513,journey
514,junctional
515,junior
516,kayleigh
517,keeping
518,keltic
519,kemnay
520,killed
521,killing
522,kingdom
523,kintore
524,knowthescore
525,la
526,ladies
527,laleche
528,land
529,languages
530,lap
531,laptops
532,lasting
533,laurencekirk
534,lawsuit
535,leaflets
536,leaks
537,leased
538,leche
539,lectures
540,ledderhose
541,legs
542,lesire
543,letting
544,leukemia
545,lhanbryde
546,library
547,ligaments
548,lightbox
549,lighting
550,line
551,lists
552,literacies
553,live
554,livin
555,lobbies
556,logans
557,longterm
558,look
559,lost
560,loved
561,lowcost
562,lysosomal
563,macduff
564,machine
565,magazines
566,maggie
567,mail
568,mails
569,maintain
570,maintaining
571,malpractice
572,manipulation
573,marfan
574,marriages
575,marrow
576,mass
577,mastectomy
578,mastrick
579,materials
580,maternity
581,mckenzie
582,media
583,medication
584,meditation
585,meds
586,meetingsphilanthropy
587,memory
588,meningococcal
589,menopausal
590,menopause
591,mens
592,menstrual
593,messages
594,metabolic
595,metakey
596,migraine
597,migraines
598,milk
599,minds
600,mini
601,minor
602,minorities
603,minority
604,misbehaving
605,miscarriages
606,misusers
607,mnd
608,mnothers
609,mobilitylearning
610,mobilityphysical
611,molar
612,monority
613,monthly
614,mood
615,mortgages
616,motorbike
617,motorcycle
618,motoring
619,motorists
620,msps
621,mucopolysaccharides
622,muculoskeletal
623,muscle
624,musculo
625,musical
626,muslim
627,mutiple
628,nappies
629,narcotics
630,narrowing
631,national
632,nationality
633,nausea
634,negligence
635,neighbourhood
636,neighbours
637,nerve
638,neurofibramatosis
639,newmachar
640,newtonhill
641,no
642,not
643,note
644,notetaking
645,nwr
646,oaks
647,oap
648,obesessions
649,oesophagus
650,offence
651,offences
652,offender
653,oldmachar
654,oldmeldrum
655,on
656,one
657,online
658,oot
659,op
660,opas
661,opportunites
662,optical
663,orders
664,organ
665,orthodontic
666,orthodontist
667,orthodontists
668,orthopaedics
669,orthotics
670,osteogenesis
671,outdoor
672,outings
673,outside
674,ovarian
675,owners
676,oxygen
677,pa
678,pads
679,painkillers
680,paintings
681,palm
682,panels
683,papers
684,paramedics
685,parcels
686,parliamentary
687,partial
688,partner
689,partnership
690,pass
691,passengers
692,payday
693,payment
694,pc
695,performance
696,performing
697,persistent
698,peterculter
699,pgp
700,phantom
701,pharmacist
702,philanthropists
703,phonecalls
704,pilates
705,pitsligo
706,placebo
707,plastic
708,pms
709,pmt
710,policeman
711,policemen
712,political
713,ponies
714,pony
715,pool
716,portknockie
717,portsoy
718,postal
719,posters
720,posting
721,postnatal
722,pouch
723,power
724,powis
725,pr
726,practice
727,practitioners
728,prayer
729,pregnancies
730,prescription
731,preventative
732,printability
733,procedures
734,proerties
735,professional
736,profit
737,profound
738,project
739,promotes
740,property
741,props
742,prostatic
743,prostatitis
744,prostitutes
745,prostitution
746,proxy
747,psa
748,pst
749,psychiatric
750,psychiatrists
751,psychologist
752,psychologists
753,psychology
754,punters
755,quarantine
756,quit
757,quitting
758,racially
759,racism
760,radar
761,rainbows
762,rasane
763,razor
764,realtionships
765,reconnect
766,recycle
767,recycleability
768,red
769,referral
770,refunds
771,regulation
772,regulator
773,relationship
774,relaxation
775,removal
776,reporting
777,representations
778,represents
779,resource
780,rest
781,reuse
782,reviewed
783,reyes
784,rheumatoid
785,ride
786,rink
787,risk
788,rnib
789,robert
790,roll
791,rolls
792,room
793,rooms
794,rowing
795,roxburgh
796,roxburghe
797,rural
798,safe
799,sailing
800,sailor
801,sainsburys
802,saint
803,sales
804,sas
805,save
806,savings
807,scared
808,scarring
809,schedules
810,scheme
811,scouting
812,scswis
813,sdgp
814,sds
815,search
816,seeker
817,selfharm
818,selling
819,send
820,sensitive
821,sepa
822,separating
823,separations
824,septicaemia
825,set
826,sewage
827,sex
828,sexed
829,sharing
830,shelters
831,shortness
832,sickness
833,sidecar
834,simplex
835,site
836,skeletal
837,skene
838,skiing
839,skilled
840,skin
841,sleep
842,smoker
843,smokers
844,snowboard
845,sold
846,soldier
847,solicitors
848,somerfield
849,sorbie
850,specific
851,speed
852,spina
853,spinabifida
854,spinie
855,spoken
856,spousal
857,spouses
858,st
859,stage
860,starvation
861,stds
862,still
863,stimulants
864,stisinfections
865,stoma
866,stomach
867,stop
868,stopping
869,storage
870,strichen
871,student
872,studies
873,study
874,substabce
875,substitution
876,sue
877,sugar
878,suing
879,summer
880,summerhill
881,sundays
882,supply
883,supportsociety
884,sustainability
885,synagogue
886,systems
887,tai
888,taken
889,taking
890,tamiflu
891,tarland
892,tarves
893,taxi
894,taylor
895,tcv
896,telecare
897,telephone
898,temporarily
899,tenant
900,tenants
901,tendons
902,tension
903,testes
904,testicles
905,theartre
906,theater
907,therapist
908,therapists
909,therapystutterstammering
910,timetables
911,tiredness
912,toddlers
913,toilet
914,toothachehomeless
915,toothpaste
916,tops
917,tourism
918,tourist
919,townhalls
920,toxaemia
921,tract
922,trade
923,traffic
924,transfusion
925,translating
926,translation
927,translator
928,transplants
929,transportation
930,travelcards
931,traveling
932,treament
933,treamtment
934,tribunals
935,tricycle
936,trike
937,tuberous
938,tuition
939,tumor
940,tv
941,udny
942,ugi
943,unattentive
944,uni
945,uniforms
946,union
947,united
948,unpaid
949,unseen
950,upkeep
951,upset
952,urgent
953,urological
954,use
955,uterine
956,uti
957,utility
958,valves
959,vans
960,vehicle
961,venue
962,veteran
963,victim
964,video
965,villages
966,vision
967,visua
968,vocational
969,voters
970,votes
971,vsa
972,waiting
973,walkingsocial
974,warm
975,warmth
976,warning
977,washing
978,web
979,website
980,wellness
981,whisky
982,widow
983,widowed
984,widower
985,widowers
986,willow
987,windowed
988,winter
989,with
990,witnessed
991,womans
992,womens
993,woodend
994,worhip
995,works
996,world
997,worrie
998,writing
999,ypd
1000,mesothelioma
1001,attention
1002,unwell
1003,podiatry
1004,reading
1005,north
1006,helpline
1007,facilities
1008,nts
1009,beds
1010,paid
1011,education
1012,royal
1013,supplies
1014,heritable
1015,infections
1016,transport
1017,died
1018,physical
1019,school
1020,retirement
1021,concerned
1022,e-mails
1023,ballater
1024,work
1025,type
1026,areas
1027,cat
1028,rail
1029,tests
1030,aberdeenshire.
1031,nicotine
1032,donation
1033,father
1034,information
1035,hungry
1036,bones
1037,women's
1038,overseas
1039,alzheimers
1040,alzheimer's
1041,lossiemouth
1042,problem
1043,society
1044,abused
1045,conditions
1046,anxious
1047,self-directed
1048,girls
1049,impaired
1050,efl
1051,entertainment
1052,day
1053,equality
1054,rented
1055,standards
1056,need
1057,recycling
1058,respiratory
1059,borne
1060,starving
1061,residential
1062,saving
1063,teachers
1064,foster
1065,motor
1066,eyes
1067,substance
1068,weakness
1069,grounds
1070,therapies
1071,personal
1072,toes
1073,lifeskills
1074,natural
1075,away
1076,life-skills
1077,benign
1078,christian
1079,bingeing
1080,reduced
1081,independently
1082,adolescent
1083,impairment
1084,practical
1085,singing
1086,guardian
1087,hopeman
1088,copd
1089,shops
1090,vacation
1091,diabetes
1092,gamblers
1093,helping
1094,criminal
1095,acquired
1096,afasia
1097,substances
1098,toenails
1099,torphins
1100,company
1101,studying
1102,teens
1103,research
1104,offending
1105,visits
1106,scotland
1107,self
1108,mellitus
1109,wife
1110,armed
1111,assistance
1112,goods
1113,aids
1114,feet
1115,waste
1116,buying
1117,podriatry
1118,up
1119,citizens
1120,services
1121,depressed
1122,donate
1123,custody
1124,activities
1125,anonymous
1126,play
1127,function
1128,hormonal
1129,carer's
1130,carers
1131,teeth
1132,breast-feeding
1133,breastfeeding
1134,drinking
1135,chronic
1136,disability
1137,airmen
1138,end
1139,post
1140,hospital
1141,kidney
1142,taylor's
1143,a
1144,used
1145,fathers
1146,speaking
1147,kirk
1148,state
1149,hospice
1150,raising
1151,guardianship
1152,fostered
1153,relief
1154,visitors
1155,hormones
1156,reconciliation
1157,surgical
1158,english
1159,immune
1160,sclerosis
1161,visually
1162,link
1163,aberdeen
1164,leukaemia
1165,post-natal
1166,woman
1167,iuds
1168,lonely
1169,person
1170,ill
1171,animals
1172,development
1173,partially
1174,infirm
1175,centres
1176,stiffness
1177,crisis
1178,spinal
1179,donors
1180,lunch
1181,packages
1182,schools
1183,fit
1184,schizophrenia
1185,air
1186,fraserburgh
1187,old
1188,chest
1189,socialise
1190,deformity
1191,and
1192,bi-sexual
1193,bisexual
1194,carehomes
1195,don
1196,drink
1197,emergency
1198,homecare
1199,ice
1200,2
1201,religious
1202,manic-dperessive
1203,artworks
1204,stillbirth
1205,contituents
1206,fund-raising
1207,fundraising
1208,opthalmic
1209,dance
1210,doctor
1211,family
1212,seekers
1213,counsellors
1214,single
1215,shared
1216,lunches
1217,lifts
1218,report
1219,facilties
1220,g-meds
1221,councillors
1222,issues
1223,stressed
1224,surgery
1225,human
1226,afasic
1227,mediation
1228,water
1229,attacks
1230,in
1231,rheumatism
1232,local
1233,well
1234,pets
1235,genetic
1236,public
1237,system
1238,crime
1239,disease
1240,marriage
1241,treatments
1242,venues
1243,dufftown
1244,cheap
1245,sporting
1246,pharmacies
1247,army
1248,mobility
1249,parenting
1250,nhs24
1251,computing
1252,drugs
1253,pools
1254,hearing
1255,house
1256,legal
1257,resources
1258,bereaved
1259,cared
1260,chemists
1261,job
1262,chairs
1263,appointments
1264,computer
1265,films
1266,injuries
1267,money
1268,grants
1269,disasters
1270,country
1271,credits
1272,funding
1273,immigrants
1274,faith
1275,relationships
1276,injured
1277,allergy
1278,cardiac
1279,mis-selling
1280,surgeons
1281,being
1282,lone
1283,sailors
1284,faiths
1285,sight
1286,tax
1287,adolescents
1288,portlethen
1289,council
1290,opyicians
1291,sector
1292,pollution
1293,joints
1294,ownership
1295,adhd
1296,eating
1297,friendship
1298,misbehaviour
1299,passed
1300,arbitration
1301,bucksburn
1302,ddarg
1303,football
1304,trains
1305,healthpoints
1306,celiac
1307,theatre
1308,pre-school
1309,preschool
1310,taxation
1311,aneurysms
1312,farming
1313,homing
1314,in-patients
1315,optometrist
1316,verbal
1317,affordable
1318,carcinoma
1319,encephalomyelitis
1320,diabetic
1321,weak
1322,banchory
1323,transporting
1324,ots
1325,renal
1326,retired
1327,me
1328,asl
1329,remitting
1330,aphasic
1331,listening
1332,hiking
1333,periods
1334,herpetiformis
1335,misuse
1336,breast
1337,comments
1338,dyce
1339,seizures
1340,prostate
1341,slef
1342,exercise
1343,group
1344,bbv
1345,oncology
1346,males
1347,anti-social
1348,religions
1349,visual
1350,free
1351,spine
1352,friendship.
1353,park
1354,barnardo's
1355,profoundly
1356,dinners
1357,health
1358,subjects
1359,pre-menstrual
1360,homes
1361,crohn's
1362,concerns
1363,aneurysm
1364,travelling
1365,castles
1366,dial-a-bus
1367,experience
1368,let
1369,second
1370,person's
1371,attractions
1372,christians
1373,break
1374,multi-sensory
1375,anxiety
1376,therapy
1377,cfs
1378,charity
1379,tooth
1380,plans
1381,mothers
1382,dogs
1383,additional
1384,incontinence
1385,d
1386,adult
1387,death
1388,talk
1389,drama
1390,asperger
1391,loneliness
1392,kingswells
1393,aberlour
1394,hand
1395,alcoholic
1396,learning
1397,parental
1398,optician
1399,banff
1400,miscarriage
1401,recovering
1402,hard
1403,scottish
1404,culter
1405,disruptive
1406,families
1407,challenging
1408,relations
1409,amputees
1410,catering
1411,chiropodist
1412,groups
1413,interpreting
1414,self-harm
1415,days
1416,emotionally
1417,activites
1418,jobcentre
1419,binge
1420,cocaine
1421,equity
1422,out
1423,husbands
1424,gay
1425,worker
1426,third
1427,buses
1428,cancer
1429,crafts
1430,the
1431,to
1432,arthritis
1433,socialising
1434,testing
1435,yoga
1436,gluten
1437,podriatrists
1438,religion
1439,mania
1440,anorexia
1441,city
1442,courses
1443,gps
1444,prescriptions
1445,out-patient
1446,outpatient
1447,cfmg
1448,recreational
1449,divorce
1450,bi-polar
1451,bipolar
1452,care
1453,endocrine
1454,teaching
1455,pvs
1456,swimming
1457,counselling
1458,co-op
1459,electricity
1460,food
1461,healthcare
1462,accommodation
1463,guidance
1464,stonehaven
1465,forced
1466,sessions
1467,digestion
1468,helpless
1469,offenders
1470,children
1471,difficulty
1472,cove
1473,hereditary
1474,shetland
1475,worship
1476,meetings
1477,50's
1478,50s
1479,unemployment
1480,criminals
1481,men's
1482,utilities
1483,violence
1484,adaptations
1485,caring
1486,surgeries
1487,toilets
1488,discounted
1489,disorder
1490,emphysema
1491,pensions
1492,vehicles
1493,limbs
1494,holidays
1495,man
1496,damage
1497,navy
1498,voice
1499,domestic
1500,looking
1501,nurse
1502,falls
1503,bound
1504,wedding
1505,accord
1506,abuse
1507,breaks
1508,dentists
1509,hands
1510,urine
1511,cigarettes
1512,ski-ing
1513,councils
1514,people's
1515,peoples
1516,mps
1517,credit
1518,hobbies
1519,insulin
1520,wards
1521,entitlements
1522,contact
1523,inverurie
1524,access
1525,booze
1526,college
1527,nervosa
1528,students
1529,myalgic
1530,refuge
1531,animal
1532,women
1533,palliative
1534,epileptic
1535,speech
1536,trouble
1537,organisations
1538,suicide
1539,fits
1540,of
1541,training
1542,diet
1543,heating
1544,g-docs
1545,employed
1546,partners
1547,ellon
1548,courts
1549,wasting
1550,well-being
1551,wellbeing
1552,under
1553,historical
1554,55's
1555,ex-forces
1556,lavatory
1557,opticians
1558,rehabilitation
1559,cinema
1560,spectrum
1561,65
1562,abi
1563,childcare
1564,bowel
1565,glasses
1566,servicemen
1567,alternative
1568,responsive
1569,autism
1570,raf
1571,intra-venous
1572,intravenous
1573,aubin's
1574,in-patient
1575,inpatient
1576,forces
1577,accidents
1578,curling
1579,fostering
1580,law
1581,employment
1582,divorced
1583,fatigue
1584,prices
1585,hyperactivity
1586,motability
1587,pensioners
1588,amputated
1589,prospective
1590,transmitted
1591,complementary
1592,housebound
1593,wc
1594,abusind
1595,house-bound
1596,alcoholism
1597,spina-bifida
1598,audio
1599,lavatories
1600,pensioner
1601,trans-gender
1602,transgender
1603,fire
1604,epileptics
1605,race
1606,farmers
1607,northfield
1608,neglected
1609,adoption
1610,needles
1611,signposting
1612,sign-posting
1613,adopting
1614,difficulties
1615,pain
1616,mini-buses
1617,minibuses
1618,childbirth
1619,historic
1620,adoptive
1621,atrophy
1622,huntington's
1623,life
1624,progressive
1625,sport
1626,allowance
1627,consultations
1628,penalties
1629,disorders
1630,sleeping
1631,chiropodists
1632,serious
1633,injections
1634,vulnerable
1635,falling
1636,long
1637,wives
1638,maggie's
1639,mobilityolder
1640,trusts
1641,asbestosis
1642,repairs
1643,visitation
1644,countryside
1645,direct
1646,lungs
1647,charges
1648,funeral
1649,former
1650,maintenance
1651,bereavement
1652,low
1653,confidential
1654,mediate
1655,physiotherapy
1656,snow
1657,multi
1658,intestines
1659,re-connect
1660,male
1661,westhill
1662,congenital
1663,children's
1664,childrens
1665,keith
1666,for
1667,after
1668,birth
1669,computers
1670,secondary
1671,feeding
1672,smoke
1673,painting
1674,inherited
1675,assault
1676,deaf
1677,young
1678,familes
1679,self-employed
1680,clubs
1681,enterprises
1682,married
1683,obstructive
1684,riding
1685,asn
1686,bus
1687,couples
1688,childminders
1689,financial
1690,widows
1691,paralysis
1692,eal
1693,control
1694,employing
1695,infirmary
1696,recovery
1697,government
1698,mother
1699,bone
1700,daycare
1701,mutual
1702,pregnancy
1703,emergencies
1704,aberdeenshire
1705,independent
1706,cards
1707,frame-up
1708,aphasia
1709,safety
1710,special
1711,infarction
1712,consumer
1713,leisure
1714,kincorth
1715,shopping
1716,limbless
1717,mouth
1718,relapsing
1719,gardens
1720,guardians
1721,primary
1722,bulimia
1723,charities
1724,fitness
1725,homelessness
1726,car
1727,cars
1728,relatives
1729,democracy
1730,deficit
1731,recreation
1732,home-owners
1733,dial
1734,gambling
1735,communities
1736,patients
1737,churches
1738,mentally
1739,neorological
1740,driving
1741,over
1742,aid
1743,sighted
1744,skills
1745,classes
1746,turriff
1747,cranial
1748,dresser
1749,mixed
1750,re-use
1751,taxis
1752,staff
1753,sick
1754,mental
1755,parents
1756,stillborn
1757,looked
1758,treatment
1759,support
1760,behaviour
1761,wheelchair
1762,co-habiting
1763,curl
1764,lubricant
1765,hunger
1766,members
1767,improvement
1768,complaint
1769,condoms
1770,dental
1771,illnesses
1772,nhs
1773,psychological
1774,king
1775,itemsk
1776,rape
1777,terminal
1778,snow-boarding
1779,presbyterian
1780,snowboarding
1781,forres
1782,projects
1783,literacy
1784,owe
1785,further
1786,consumers
1787,disabilities
1788,constituency
1789,carer
1790,seeking
1791,behaviours
1792,qualifications
1793,emplyed
1794,facility
1795,hearings
1796,foot
1797,virus
1798,schlerosis
1799,discount
1800,rental
1801,sign
1802,ptsd
1803,strokes
1804,events
1805,peterhead
1806,short
1807,luncheon
1808,outdoors
1809,accommodation.
1810,babies
1811,working
1812,complex
1813,jobs
1814,living
1815,soldiers
1816,growth
1817,court
1818,niddm
1819,pharmacy
1820,sunday
1821,crimes
1822,buildings
1823,neurology
1824,renting
1825,promotion
1826,witnesses
1827,advice
1828,complaints
1829,rough
1830,abortions
1831,annuity
1832,huntly
1833,cash
1834,fares
1835,dupuytren's
1836,intestinal
1837,deafblind
1838,halls
1839,second-hand
1840,secondhand
1841,serviceman
1842,flats
1843,university
1844,addicted
1845,older
1846,hyperactive
1847,dancing
1848,moray
1849,statutory
1850,asthma
1851,dementia
1852,voluntary
1853,volunteer
1854,self-help
1855,selfhelp
1856,rights
1857,awareness
1858,cvs
1859,ingrowing
1860,cross-dresser
1861,language
1862,activity
1863,grief
1864,occupational
1865,protection
1866,replacement
1867,sexual
1868,tumours
1869,debts
1870,careers
1871,force
1872,merchant
1873,la-leche
1874,houses
1875,brain
1876,cases
1877,cutting
1878,respite
1879,games
1880,24
1881,bowels
1882,medical
1883,re-cycled
1884,recycled
1885,contraceptives
1886,alcohol
1887,fuel
1888,studio
1889,immunodeficiency
1890,debt
1891,poverty
1892,private
1893,finances
1894,coronary
1895,injury
1896,educational
1897,unemployed
1898,walking
1899,severe
1900,re-home
1901,rehome
1902,short-term
1903,transplantation
1904,representation
1905,advocacy
1906,rehoming
1907,re-homing
1908,deterioration
1909,illness
1910,nurseries
1911,nervous
1912,european
1913,benefits
1914,female
1915,pet
1916,pds
1917,heroin
1918,interests
1919,opportunities
1920,keep-fit
1921,keepfit
1922,meeting
1923,drivers
1924,funds
1925,schizophrenic
1926,separated
1927,youth
1928,movies
1929,sheddocksly
1930,lease
1931,minister
1932,foreign
1933,schemes
1934,elgin
1935,societies
1936,adults
1937,arts
1938,stroke
1939,pre
1940,travel
1941,business
1942,glands
1943,homosexual
1944,accessibility
1945,elderly
1946,loss
1947,prevention
1948,pupils
1949,cults
1950,nurses
1951,card
1952,activiy
1953,community
1954,horses
1955,infants
1956,lesbian
1957,visiting
1958,breathing
1959,housing
1960,eye
1961,syndrome
1962,aged
1963,electoral
1964,drinkers
1965,nursing
1966,harm
1967,tillydrone
1968,deficiency
1969,peoplechildrens
1970,binge-eating
1971,podiatary
1972,dog
1973,learners
1974,multiple
1975,pregnant
1976,representative
1977,term
1978,musculo-skeletal
1979,danger
1980,parkinsons
1981,parkinson's
1982,white
1983,social
1984,nutrition
1985,workers
1986,depressive
1987,neural
1988,companionship
1989,bridge
1990,inclusion
1991,home
1992,directed
1993,reproductive
1994,stress
1995,nails
1996,rescue
1997,diseases
1998,justice
1999,osteoporosis
2000,performances
2001,cleaning
2002,poor
2003,conveniences
2004,income
2005,mums
2006,heterosexual
2007,autistic
2008,suicidal
2009,voting
2010,charitable
2011,street
2012,tenancy
2013,anti
2014,failure
2015,ski
2016,victims
2017,mis-sold
2018,manic
2019,lenses
2020,sports
2021,breakdown
2022,numeracy
2023,worries
2024,contacts
2025,freezers
2026,internet
2027,alone
2028,register
2029,violent
2030,ex-servicemen
2031,hospitals
2032,authority
2033,contraception
2034,needy
2035,providers
2036,psychiatry
2037,therapeutic
2038,kayleigh's
2039,b&bs
2040,comapnionship
2041,oaps
2042,equipment
2043,head
2044,separation
2045,tourists
2046,planning
2047,disabled
2048,church
2049,door
2050,epilepsy
2051,first
2052,add
2053,accessible
2054,gp
2055,music
2056,clinics
2057,enlisted
2058,baby
2059,chiropody
2060,help
2061,lung
2062,pulmonary
2063,childminding
2064,podiatric
2065,people
2066,representaion
2067,mettings
2068,homeless
2069,kids
2070,60's
2071,toothache
2072,appeals
2073,blind
2074,alcoholics
2075,befriending
2076,cinemas
2077,fines
2078,emotional
2079,alford
2080,pharmacists
2081,accessability
2082,damaged
2083,patient
2084,banks
2085,hire
2086,pep
2087,streets
2088,dermatitis
2089,gender
2090,swim
2091,owing
2092,parent
2093,environmental
2094,low-cost
2095,independence
2096,assaulted
2097,dyslexia
2098,energy
2099,g-dens
2100,muscles
2101,teenagers
2102,club
2103,dying
2104,cornhill
2105,auras
2106,christianity
2107,doctors
2108,behavioural
2109,blood
2110,examinations
2111,befrienders
2112,costs
2113,ms
2114,police
2115,tumour
2116,finance
2117,bladder
2118,heart
2119,meals
2120,sexually
2121,agricultural
2122,dialysis
2123,sensoryimpairment
2124,concessions
2125,distress
2126,supported
2127,volunteers
2128,urinary
2129,libraries
2130,sensory
2131,traumatic
2132,finding
2133,keep
2134,neurological
2135,temporary
2136,healthy
2137,physically
2138,personality
2139,viruses
2140,men
2141,networking
2142,very
2143,furniture
2144,brittle
2145,females
2146,lavvies
2147,wheelchairs
2148,wheel-chairs
2149,parliament
2150,professionals
2151,light
2152,hiv
2153,cookers
2154,centre
2155,grampian
2156,torry
2157,terminations
2158,volunteering
2159,frame
2160,spectacles
2161,fridges
2162,ari
2163,infarcts
2164,abusers
2165,trading
2166,long-term
2167,management
2168,accident
2169,maud
2170,neglect
2171,elections
2172,sheltered
2173,adapted
2174,officer
2175,viral
2176,self-management
2177,smoking
2178,asd
2179,loans
2180,books
2181,depression
2182,problems
2183,orkney
2184,back
2185,payments
2186,policy
2187,cost
2188,affective
2189,needs
2190,spasms
2191,movement
2192,nursery
2193,talking
2194,cross
2195,trip
2196,addiction
2197,senior
2198,tenancies
2199,buckie
2200,trans
2201,addictions
2202,friends
2203,lap-tops
2204,aspergers
2205,lessons
2206,medicine
2207,technology
2208,child
2209,service
2210,taichi
2211,partnerships
2212,personnel
2213,deafness
2214,loos
2215,points
